Season,Team,DRtg,ORtg,Net Rtg,W,Playoff ORtg,Playoff DRtg,Playoff Net Rtg,ORtg Difference,DRtg Difference,Net Rtg Difference
2022-23,SAC,116.8,119.4,2.6,3,110.7,112.8,-2.1,-8.7,-4,-4.7
2022-23,ATL,116.3,116.6,0.3,2,115,120.3,-5.3,-1.6,4,-5.6
2020-21,POR,116,117.8,1.8,2,121.6,122.9,-1.3,3.8,6.9,-3.1
2021-22,ATL,114.9,116.5,1.6,1,102.3,114.9,-12.6,-14.2,0,-14.2
2022-23,NYK,114.8,117.8,3,6,108.9,108.5,0.4,-8.9,-6.3,-2.6
2019-20,POR,114.8,113.7,-1.1,1,104.6,115,-10.4,-9.1,0.2,-9.3
2022-23,LAC,114.5,115,0.5,1,117.1,123.6,-6.5,2.1,9.1,-7
2022-23,GSW,114.4,116.1,1.7,6,111.9,112.1,-0.2,-4.2,-2.3,-1.9
2022-23,DEN,114.2,117.6,3.4,16,119.5,110.8,8.7,1.9,-3.4,5.3
2022-23,BRK,114.1,115,0.9,0,103.1,115.6,-12.5,-11.9,1.5,-13.4
2022-23,LAL,113.9,114.5,0.6,8,113.7,111.3,2.4,-0.8,-2.6,1.8
2020-21,BRK,113.8,118.3,4.5,7,116.1,109.6,6.5,-2.2,-4.2,2
2022-23,MIN,113.8,113.7,-0.1,1,109.7,118.9,-9.2,-4,5.1,-9.1
2021-22,CHI,113.6,113.2,-0.4,1,94.9,109.4,-14.5,-18.3,-4.2,-14.1
2022-23,MIA,113.3,113,-0.3,13,114.1,112.5,1.6,1.1,-0.8,1.9
2020-21,ATL,113.3,115.7,2.4,10,109.8,111.3,-1.5,-5.9,-2,-3.9
2022-23,PHI,113.3,117.7,4.4,7,111.2,112.8,-1.6,-6.5,-0.5,-6
2020-21,DAL,113,115.4,2.4,3,115.5,121.1,-5.6,0.1,8.1,-8
2022-23,PHO,113,115.1,2.1,6,117,119.4,-2.4,1.9,6.4,-4.5
2020-21,WAS,113,111.2,-1.8,1,107.6,121.3,-13.7,-3.6,8.3,-11.9
2021-22,NOP,113,112,-1,2,117.6,119.2,-1.6,5.6,6.2,-0.6
2021-22,BRK,112.8,113.6,0.8,0,116.3,121.1,-4.8,2.7,8.3,-5.6
2020-21,BOS,112.5,114,1.5,1,117.1,128.7,-11.6,3.1,16.2,-13.1
2021-22,DEN,112.1,114.5,2.4,1,113.6,121.8,-8.2,-0.9,9.7,-10.6
2020-21,DEN,112.1,117.1,5,4,116.8,122.4,-5.6,-0.3,10.3,-10.6
2017-18,CLE,111.9,112.9,1,12,109.4,111.2,-1.8,-3.5,-0.7,-2.8
2022-23,MIL,111.9,115.4,3.5,1,114,118.9,-4.9,-1.4,7,-8.4
2021-22,MIL,111.8,115.1,3.3,7,104.4,102.8,1.6,-10.7,-9,-1.7
2019-20,DAL,111.7,116.7,5,2,112.7,122,-9.3,-4,10.3,-14.3
2021-22,MIN,111.7,114.3,2.6,2,106.4,111.8,-5.4,-7.9,0.1,-8
2018-19,LAC,111.5,112.4,0.9,2,111.5,121,-9.5,-0.9,9.5,-10.4
2022-23,BOS,111.5,118,6.5,11,117.2,113.7,3.5,-0.8,2.2,-3
2020-21,MIL,111.4,117.2,5.8,16,112.9,107.6,5.3,-4.3,-3.8,-0.5
2020-21,PHO,111.3,117.2,5.9,14,114.7,110,4.7,-2.5,-1.3,-1.2
2020-21,LAC,111.2,117.6,6.4,10,120.2,115.9,4.3,2.6,4.7,-2.1
2022-23,MEM,111.2,115.1,3.9,2,104,111.4,-7.4,-11.1,0.2,-11.3
2018-19,SAS,111.2,112.9,1.7,3,112.4,114.5,-2.1,-0.5,3.3,-3.8
2020-21,MIA,111.2,111.2,0,0,96.6,116.8,-20.2,-14.6,5.6,-20.2
2017-18,MIN,111.1,113.4,2.3,1,107,116.2,-9.2,-6.4,5.1,-11.5
2020-21,MEM,111,112,1,1,115.6,124,-8.4,3.6,13,-9.4
2019-20,DEN,111,113.1,2.1,9,113.6,116,-2.4,0.5,5,-4.5
2021-22,PHI,110.8,113.5,2.7,6,112.3,112,0.3,-1.2,1.2,-2.4
2016-17,POR,110.8,110.3,-0.5,0,99.3,116.9,-17.6,-11,6.1,-17.1
2018-19,HOU,110.7,115.5,4.8,6,110.9,107.6,3.3,-4.6,-3.1,-1.5
2006-07,WAS,110.6,110.1,-0.5,0,103.5,113.4,-9.9,-6.6,2.8,-9.4
2022-23,CLE,110.6,116.1,5.5,1,103.4,109.3,-5.9,-12.7,-1.3,-11.4
2021-22,TOR,110.5,112.9,2.4,2,111.2,120.2,-9,-1.7,9.7,-11.4
2021-22,UTA,110.5,116.7,6.2,2,108.8,115,-6.2,-7.9,4.5,-12.4
2018-19,POR,110.5,114.7,4.2,8,110.6,112,-1.4,-4.1,1.5,-5.6
2016-17,CLE,110.3,113.6,3.3,13,120.3,112.1,8.2,6.7,1.8,4.9
2009-10,PHO,110.2,115.3,5.1,10,117.8,112.7,5.1,2.5,2.5,0
2017-18,MIL,110.1,109.8,-0.3,3,108.8,109.4,-0.6,-1,-0.7,-0.3
2019-20,HOU,110.1,112.9,2.8,5,108.3,107.5,0.8,-4.6,-2.6,-2
2010-11,NYK,110.1,110.9,0.8,0,99,108.2,-9.2,-11.9,-1.9,-10
2018-19,PHI,110,112.6,2.6,7,109.9,106.8,3.1,-2.7,-3.2,0.5
2019-20,UTA,109.9,112.3,2.4,3,122.2,118.5,3.7,9.9,8.6,1.3
2018-19,BRK,109.7,109.6,-0.1,1,106.7,117.3,-10.6,-2.9,7.6,-10.5
2007-08,WAS,109.6,109.2,-0.4,2,104.9,108.7,-3.8,-4.3,-0.9,-3.4
2004-05,SEA,109.6,112.2,2.6,6,111.1,113,-1.9,-1.1,3.4,-4.5
2018-19,GSW,109.5,115.9,6.4,14,115.3,111.9,3.4,-0.6,2.4,-3
2019-20,MIA,109.5,112.5,3,14,113.5,111.5,2,1,2,-1
2019-20,ORL,109.5,108.5,-1,1,102.5,111.3,-8.8,-6,1.8,-7.8
2019-20,BRK,109.5,108.9,-0.6,0,102.2,122,-19.8,-6.7,12.5,-19.2
2021-22,DAL,109.4,112.8,3.4,9,114.9,114.1,0.8,2.1,4.7,-2.6
2016-17,WAS,109.3,111.2,1.9,7,110.9,110.9,0,-0.3,1.6,-1.9
2016-17,MIL,109.3,109.1,-0.2,2,103,103.7,-0.7,-6.1,-5.6,-0.5
2018-19,DET,109.2,109,-0.2,0,96.8,120.2,-23.4,-12.2,11,-23.2
2021-22,MIA,109.1,113.7,4.6,11,110.6,106.6,4,-3.1,-2.5,-0.6
2016-17,HOU,109,114.7,5.7,6,110.7,109.5,1.2,-4,0.5,-4.5
2021-22,MEM,109,114.6,5.6,6,110.2,107.8,2.4,-4.4,-1.2,-3.2
2019-20,PHI,109,111.3,2.3,0,105.5,117.9,-12.4,-5.8,8.9,-14.7
2018-19,DEN,108.9,113,4.1,7,114.4,112.5,1.9,1.4,3.6,-2.2
2007-08,ATL,108.9,106.9,-2,3,101.6,115.6,-14,-5.3,6.7,-12
2016-17,IND,108.8,108.6,-0.2,0,114.7,118.9,-4.2,6.1,10.1,-4
2019-20,OKC,108.8,110.8,2,3,102.4,108.7,-6.3,-8.4,-0.1,-8.3
2017-18,WAS,108.7,109.3,0.6,2,110.3,112.3,-2,1,3.6,-2.6
2008-09,CHI,108.7,108.4,-0.3,3,105.9,110.1,-4.2,-2.5,1.4,-3.9
2013-14,DAL,108.7,111.2,2.5,3,110,112.1,-2.1,-1.2,3.4,-4.6
2006-07,LAL,108.6,108.6,0,1,103.8,114.8,-11,-4.8,6.2,-11
2016-17,BOS,108.4,111.2,2.8,9,111.4,114.5,-3.1,0.2,6.1,-5.9
2008-09,DAL,108.4,110.5,2.1,5,113,114,-1,2.5,5.6,-3.1
2017-18,NOP,108.3,109.6,1.3,5,107.1,107.8,-0.7,-2.5,-0.5,-2
2020-21,UTA,108.3,117.6,9.3,6,121.4,122.3,-0.9,3.8,14,-10.2
2016-17,LAC,108.2,112.7,4.5,3,108.8,110,-1.2,-3.9,1.8,-5.7
2020-21,NYK,108.2,110.6,2.4,1,103.5,111,-7.5,-7.1,2.8,-9.9
2004-05,SAC,108.2,110.5,2.3,1,113,117.9,-4.9,2.5,9.7,-7.2
2018-19,ORL,108.1,108.9,0.8,1,96.2,111.2,-15,-12.7,3.1,-15.8
2015-16,HOU,108.1,108.3,0.2,1,92.7,111.8,-19.1,-15.6,3.7,-19.3
2007-08,PHO,108.1,113.3,5.2,1,104.1,106.1,-2,-9.2,-2,-7.2
2017-18,IND,108.1,109.5,1.4,3,110.9,104.6,6.3,1.4,-3.5,4.9
2019-20,IND,108,110,2,0,104.2,115.1,-10.9,-5.8,7.1,-12.9
2015-16,POR,108,108.8,0.8,5,108.1,110.7,-2.6,-0.7,2.7,-3.4
2008-09,DET,108,107.4,-0.6,0,93.6,112.2,-18.6,-13.8,4.2,-18
2016-17,TOR,107.8,112.3,4.5,4,103.8,109.9,-6.1,-8.5,2.1,-10.6
2015-16,MEM,107.8,105.4,-2.4,0,90.9,115.6,-24.7,-14.5,7.8,-22.3
2008-09,PHI,107.8,107.9,0.1,2,100.5,109.2,-8.7,-7.4,1.4,-8.8
2018-19,BOS,107.8,112.2,4.4,5,102.2,103.6,-1.4,-10,-4.2,-5.8
2008-09,POR,107.8,113.9,6.1,2,103.9,110.2,-6.3,-10,2.4,-12.4
2014-15,TOR,107.7,111,3.3,0,99.3,113.7,-14.4,-11.7,6,-17.7
2013-14,BRK,107.7,106.7,-1,5,110.5,112,-1.5,3.8,4.3,-0.5
2017-18,GSW,107.6,113.6,6,16,113.9,103.6,10.3,0.3,-4,4.3
2020-21,PHI,107.6,113.2,5.6,7,116,108.5,7.5,2.8,0.9,1.9
2019-20,LAC,107.6,113.9,6.3,7,115.4,111.1,4.3,1.5,3.5,-2
2008-09,ATL,107.6,109.3,1.7,4,102,110.6,-8.6,-7.3,3,-10.3
2008-09,MIA,107.6,107.8,0.2,3,106.7,105.6,1.1,-1.1,-2,0.9
2016-17,OKC,107.5,108.3,0.8,1,105.7,114.4,-8.7,-2.6,6.9,-9.5
2004-05,WAS,107.5,107.2,-0.3,4,105.6,108.2,-2.6,-1.6,0.7,-2.3
2009-10,DEN,107.5,111.8,4.3,2,113.9,115.1,-1.2,2.1,7.6,-5.5
2014-15,BRK,107.4,104.4,-3,2,100.8,106.5,-5.7,-3.6,-0.9,-2.7
2003-04,DAL,107.4,112.1,4.7,1,103.4,102,1.4,-8.7,-5.4,-3.3
2005-06,MIL,107.4,106.3,-1.1,1,110.2,121.1,-10.9,3.9,13.7,-9.8
2006-07,GSW,107.4,107,-0.4,5,110.9,109.1,1.8,3.9,1.7,2.2
2013-14,POR,107.4,111.5,4.1,5,107.2,113.6,-6.4,-4.3,6.2,-10.5
2005-06,WAS,107.3,109.3,2,2,109.4,109.2,0.2,0.1,1.9,-1.8
2014-15,NOP,107.3,108.2,0.9,0,106.8,115.2,-8.4,-1.4,7.9,-9.3
2021-22,PHO,107.3,114.8,7.5,7,115.6,116.7,-1.1,0.8,9.4,-8.6
2010-11,DEN,107.3,112.3,5,1,103.4,108.5,-5.1,-8.9,1.2,-10.1
2008-09,UTA,107.3,110.1,2.8,1,104.2,114.1,-9.9,-5.9,6.8,-12.7
2010-11,OKC,107.2,111.2,4,9,109.5,107.5,2,-1.7,0.3,-2
2017-18,OKC,107.2,110.7,3.5,2,103.5,107.9,-4.4,-7.2,0.7,-7.9
2016-17,MEM,107.1,107.7,0.6,2,110.3,119.8,-9.5,2.6,12.7,-10.1
2004-05,PHO,107.1,114.5,7.4,9,118.2,113.8,4.4,3.7,6.7,-3
2009-10,POR,107.1,110.8,3.7,2,106.5,118.3,-11.8,-4.3,11.2,-15.5
2020-21,LAL,107.1,109.9,2.8,2,104,110.9,-6.9,-5.9,3.8,-9.7
2010-11,POR,107.1,108.8,1.7,2,106.3,112.5,-6.2,-2.5,5.4,-7.9
2018-19,TOR,107.1,113.1,6,16,110,104.4,5.6,-3.1,-2.7,-0.4
2018-19,OKC,107,110.3,3.3,1,105.4,111.2,-5.8,-4.9,4.2,-9.1
2015-16,DAL,107,106.7,-0.3,1,102.1,122,-19.9,-4.6,15,-19.6
2019-20,BOS,107,113.3,6.3,10,111.3,106.3,5,-2,-0.7,-1.3
2010-11,ATL,107,106.1,-0.9,6,100.4,105.5,-5.1,-5.7,-1.5,-4.2
2007-08,TOR,107,110.2,3.2,1,110.1,115.2,-5.1,-0.1,8.2,-8.3
2006-07,UTA,107,110.1,3.1,9,106.9,105.9,1,-3.2,-1.1,-2.1
2008-09,NOH,107,108.7,1.7,1,93.7,120.7,-27,-15,13.7,-28.7
2016-17,CHI,107,107.4,0.4,2,104.8,112.2,-7.4,-2.6,5.2,-7.8
2021-22,BOS,106.9,114.4,7.5,14,110.7,107,3.7,-3.7,0.1,-3.8
2021-22,GSW,106.9,112.5,5.6,16,115.2,110,5.2,2.7,3.1,-0.4
2008-09,DEN,106.8,110.4,3.6,10,116.8,107.5,9.3,6.4,0.7,5.7
2009-10,ATL,106.7,111.9,5.2,4,104.3,112.2,-7.9,-7.6,5.5,-13.1
2012-13,LAL,106.6,107.8,1.2,0,92.5,112.9,-20.4,-15.3,6.3,-21.6
2006-07,NJN,106.6,105.7,-0.9,6,101.7,99.6,2.1,-4,-7,3
2004-05,BOS,106.6,107.5,0.9,3,100.6,101.3,-0.7,-6.9,-5.3,-1.6
2018-19,IND,106.5,109.9,3.4,0,96.3,104.2,-7.9,-13.6,-2.3,-11.3
2007-08,UTA,106.5,113.8,7.3,6,110.1,110.4,-0.3,-3.7,3.9,-7.6
2014-15,DAL,106.4,109.5,3.1,1,107.9,112,-4.1,-1.6,5.6,-7.2
2013-14,ATL,106.4,105.9,-0.5,3,101.9,103,-1.1,-4,-3.4,-0.6
2017-18,POR,106.4,109.1,2.7,0,106.9,116,-9.1,-2.2,9.6,-11.8
2006-07,PHO,106.4,113.9,7.5,6,110.6,105.3,5.3,-3.3,-1.1,-2.2
2007-08,CLE,106.4,106,-0.4,7,104.6,102.1,2.5,-1.4,-4.3,2.9
2012-13,NYK,106.3,111.1,4.8,6,101.4,98.3,3.1,-9.7,-8,-1.7
2019-20,LAL,106.3,112,5.7,16,115.9,108.9,7,3.9,2.6,1.3
2017-18,MIA,106.3,106.8,0.5,1,103,113.7,-10.7,-3.8,7.4,-11.2
2014-15,CLE,106.3,111.1,4.8,14,107.4,103.1,4.3,-3.7,-3.2,-0.5
2007-08,DEN,106.3,110,3.7,0,104.3,117.9,-13.6,-5.7,11.6,-17.3
2009-10,DAL,106.3,109.2,2.9,2,105.1,105.6,-0.5,-4.1,-0.7,-3.4
2013-14,HOU,106.3,111,4.7,2,114.8,114.4,0.4,3.8,8.1,-4.3
2012-13,BRK,106.2,108.2,2,3,107.8,105.6,2.2,-0.4,-0.6,0.2
2011-12,DEN,106.2,109.2,3,3,107.1,106.6,0.5,-2.1,0.4,-2.5
2011-12,UTA,106.1,106.8,0.7,0,93.9,111.3,-17.4,-12.9,5.2,-18.1
2012-13,HOU,106.1,109.7,3.6,2,105.3,111.4,-6.1,-4.4,5.3,-9.7
2007-08,DAL,106.1,111.1,5,1,108,118.2,-10.2,-3.1,12.1,-15.2
2017-18,HOU,106.1,114.7,8.6,11,109.6,107.7,1.9,-5.1,1.6,-6.7
2007-08,PHI,106,106.4,0.4,2,99.8,107.9,-8.1,-6.6,1.9,-8.5
2006-07,TOR,106,107,1,2,101,106.9,-5.9,-6,0.9,-6.9
2010-11,IND,106,104.8,-1.2,1,100.2,108.5,-8.3,-4.6,2.5,-7.1
2006-07,DEN,105.9,107.6,1.7,1,100.7,107.5,-6.8,-6.9,1.6,-8.5
2017-18,TOR,105.9,113.8,7.9,4,112,116.6,-4.6,-1.8,10.7,-12.5
2005-06,PHO,105.8,111.5,5.7,10,113.7,112.5,1.2,2.2,6.7,-4.5
2013-14,MIA,105.8,110.9,5.1,13,112.8,110.8,2,1.9,5,-3.1
2016-17,ATL,105.7,104.9,-0.8,2,107.3,108.5,-1.2,2.4,2.8,-0.4
2018-19,UTA,105.7,110.9,5.2,1,99.2,108.5,-9.3,-11.7,2.8,-14.5
2005-06,LAL,105.7,108.4,2.7,3,106.5,113.6,-7.1,-1.9,7.9,-9.8
2011-12,LAC,105.7,108.5,2.8,4,101.3,106.5,-5.2,-7.2,0.8,-8
2007-08,NOH,105.7,111.5,5.8,7,111.5,107.3,4.2,0,1.6,-1.6
2015-16,OKC,105.6,113.1,7.5,11,111.8,106.2,5.6,-1.3,0.6,-1.9
2010-11,SAS,105.6,111.8,6.2,2,102.2,105.6,-3.4,-9.6,0,-9.6
2007-08,ORL,105.5,111.3,5.8,5,111,109.2,1.8,-0.3,3.7,-4
2015-16,DET,105.5,106.1,0.6,0,109.4,119.2,-9.8,3.3,13.7,-10.4
2012-13,GSW,105.5,106.4,0.9,6,106.4,106.2,0.2,0,0.7,-0.7
2014-15,LAC,105.5,112.4,6.9,7,108.4,107.1,1.3,-4,1.6,-5.6
2007-08,LAL,105.5,113,7.5,14,110,107.6,2.4,-3,2.1,-5.1
2005-06,CLE,105.4,107.8,2.4,7,103.7,107.4,-3.7,-4.1,2,-6.1
2003-04,MIL,105.4,106.5,1.1,1,95.3,109.3,-14,-11.2,3.9,-15.1
2016-17,UTA,105.3,109.6,4.3,4,106.2,111.3,-5.1,-3.4,6,-9.4
2013-14,TOR,105.3,108.8,3.5,3,108.2,110,-1.8,-0.6,4.7,-5.3
2006-07,MIA,105.3,104.3,-1,0,96.9,108.9,-12,-7.4,3.6,-11
2009-10,CHI,105.3,103.5,-1.8,1,105,115,-10,1.5,9.7,-8.2
2018-19,MIL,105.2,113.8,8.6,10,111.1,102.5,8.6,-2.7,-2.7,0
2005-06,DEN,105.2,105.5,0.3,1,95,103.2,-8.2,-10.5,-2,-8.5
2012-13,MIL,105.2,103.6,-1.6,0,94,110.3,-16.3,-9.6,5.1,-14.7
2015-16,TOR,105.2,110,4.8,10,102.8,107.5,-4.7,-7.2,2.3,-9.5
2010-11,NOH,105.2,106.2,1,2,104.7,113.1,-8.4,-1.5,7.9,-9.4
2010-11,MEM,105.1,107.6,2.5,7,105.4,106.1,-0.7,-2.2,1,-3.2
2012-13,DEN,105.1,110.4,5.3,2,105.9,110.2,-4.3,-4.5,5.1,-9.6
2005-06,SAC,105,106.7,1.7,2,108.8,119.5,-10.7,2.1,14.5,-12.4
2010-11,DAL,105,109.7,4.7,16,112.9,106.3,6.6,3.2,1.3,1.9
2010-11,PHI,105,106.6,1.6,1,100.7,109.3,-8.6,-5.9,4.3,-10.2
2009-10,UTA,105,110.7,5.7,4,114,116.4,-2.4,3.3,11.4,-8.1
2005-06,DAL,105,111.8,6.8,14,110.2,105.7,4.5,-1.6,0.7,-2.3
2017-18,PHI,105,109.5,4.5,5,110.4,106.5,3.9,0.9,1.5,-0.6
2019-20,TOR,105,111.1,6.1,7,108.3,104.2,4.1,-2.8,-0.8,-2
2003-04,SAC,104.9,110.3,5.4,7,101,100.9,0.1,-9.3,-4,-5.3
2017-18,SAS,104.8,107.9,3.1,1,103.7,113.1,-9.4,-4.2,8.3,-12.5
2013-14,LAC,104.8,112.1,7.3,6,113.3,111.3,2,1.2,6.5,-5.3
2008-09,LAL,104.7,112.8,8.1,16,111.4,103.5,7.9,-1.4,-1.2,-0.2
2013-14,WAS,104.6,106,1.4,6,102,100.9,1.1,-4,-3.7,-0.3
2009-10,OKC,104.6,108.3,3.7,2,103.6,105.4,-1.8,-4.7,0.8,-5.5
2004-05,IND,104.6,105.5,0.9,6,97.7,101.1,-3.4,-7.8,-3.5,-4.3
2013-14,MEM,104.6,106.3,1.7,3,102.8,108.5,-5.7,-3.5,3.9,-7.4
2014-15,BOS,104.5,104.7,0.2,0,101.5,111.5,-10,-3.2,7,-10.2
2009-10,SAS,104.5,110,5.5,4,105.7,109.4,-3.7,-4.3,4.9,-9.2
2015-16,CLE,104.5,110.9,6.4,16,115.5,106,9.5,4.6,1.5,3.1
2005-06,MIA,104.5,108.7,4.2,16,106.2,102,4.2,-2.5,-2.5,0
2011-12,LAL,104.4,106,1.6,5,105.4,110,-4.6,-0.6,5.6,-6.2
2012-13,ATL,104.4,104.8,0.4,2,98,103.6,-5.6,-6.8,-0.8,-6
2015-16,MIA,104.4,106.1,1.7,7,105.1,101.7,3.4,-1,-2.7,1.7
2014-15,CHI,104.3,107.5,3.2,6,104.4,100.7,3.7,-3.1,-3.6,0.5
2008-09,SAS,104.3,108.5,4.2,1,105.4,112.4,-7,-3.1,8.1,-11.2
2015-16,CHO,104.3,107.1,2.8,3,99.2,109,-9.8,-7.9,4.7,-12.6
2010-11,LAL,104.3,111,6.7,4,107.8,109.3,-1.5,-3.2,5,-8.2
2004-05,PHI,104.3,103.5,-0.8,1,101.2,110.1,-8.9,-2.3,5.8,-8.1
2006-07,DET,104.2,108.9,4.7,10,105.2,101.8,3.4,-3.7,-2.4,-1.3
2009-10,CLE,104.1,111.2,7.1,6,108.2,106.8,1.4,-3,2.7,-5.7
2004-05,DAL,104.1,110.3,6.2,6,113.3,115,-1.7,3,10.9,-7.9
2009-10,MIA,104.1,106.6,2.5,1,96.2,105.2,-9,-10.4,1.1,-11.5
2011-12,ORL,104.1,105,0.9,1,94.8,107,-12.2,-10.2,2.9,-13.1
2006-07,ORL,104.1,104.9,0.8,0,102.9,113.5,-10.6,-2,9.4,-11.4
2008-09,HOU,104,108.4,4.4,7,104.7,106.4,-1.7,-3.7,2.4,-6.1
2016-17,GSW,104,115.6,11.6,16,119,105.5,13.5,3.4,1.5,1.9
2013-14,OKC,103.9,110.5,6.6,10,108.1,109.2,-1.1,-2.4,5.3,-7.7
2017-18,UTA,103.9,108.4,4.5,5,104.7,106.9,-2.2,-3.7,3,-6.7
2017-18,BOS,103.9,107.6,3.7,11,107.7,107,0.7,0.1,3.1,-3
2004-05,DEN,103.9,106,2.1,1,97.4,108.5,-11.1,-8.6,4.6,-13.2
2015-16,LAC,103.8,108.3,4.5,2,104.9,103.9,1,-3.4,0.1,-3.5
2013-14,CHA,103.8,103.6,-0.2,0,101.5,112.3,-10.8,-2.1,8.5,-10.6
2015-16,GSW,103.8,114.5,10.7,15,110.5,106.1,4.4,-4,2.3,-6.3
2009-10,BOS,103.8,107.7,3.9,15,104.8,101.7,3.1,-2.9,-2.1,-0.8
2012-13,MIA,103.7,112.3,8.6,16,110.2,102.9,7.3,-2.1,-0.8,-1.3
2009-10,LAL,103.7,108.8,5.1,16,112.8,108.6,4.2,4,4.9,-0.9
2014-15,POR,103.7,108.2,4.5,1,101.9,109.3,-7.4,-6.3,5.6,-11.9
2003-04,BOS,103.7,102.1,-1.6,0,92.1,110.4,-18.3,-10,6.7,-16.7
2015-16,BOS,103.6,106.8,3.2,2,93.8,100.5,-6.7,-13,-3.1,-9.9
2005-06,LAC,103.6,105.3,1.7,7,111.6,107.7,3.9,6.3,4.1,2.2
2012-13,LAC,103.6,110.6,7,2,107.5,113.8,-6.3,-3.1,10.2,-13.3
2010-11,MIA,103.5,111.7,8.2,14,106.4,103.4,3,-5.3,-0.1,-5.2
2016-17,SAS,103.5,111.1,7.6,8,113.4,112.3,1.1,2.3,8.8,-6.5
2014-15,HOU,103.4,107,3.6,9,106.6,109,-2.4,-0.4,5.6,-6
2005-06,CHI,103.4,104,0.6,2,104.2,107.4,-3.2,0.2,4,-3.8
2003-04,NYK,103.3,101.7,-1.6,0,90.4,104.1,-13.7,-11.3,0.8,-12.1
2012-13,BOS,103.3,103.1,-0.2,2,92.9,98.9,-6,-10.2,-4.4,-5.8
2009-10,ORL,103.3,111.4,8.1,10,110.8,100.9,9.9,-0.6,-2.4,1.8
2006-07,DAL,103.2,111.3,8.1,2,105.7,112.8,-7.1,-5.6,9.6,-15.2
2011-12,OKC,103.2,109.8,6.6,13,111.8,107.4,4.4,2,4.2,-2.2
2011-12,SAS,103.2,110.9,7.7,10,110.3,103.9,6.4,-0.6,0.7,-1.3
2012-13,CHI,103.2,103.5,0.3,5,102.5,110,-7.5,-1,6.8,-7.8
2005-06,DET,103.1,110.8,7.7,10,107.9,104.2,3.7,-2.9,1.1,-4
2014-15,ATL,103.1,108.9,5.8,8,103.4,103.6,-0.2,-5.5,0.5,-6
2009-10,MIL,103.1,104.9,1.8,3,105,109.3,-4.3,0.1,6.2,-6.1
2004-05,NJN,103.1,101.4,-1.7,0,100.6,113.9,-13.3,-0.8,10.8,-11.6
2004-05,MIA,103.1,110.2,7.1,11,107.2,102.5,4.7,-3,-0.6,-2.4
2011-12,IND,103.1,106.7,3.6,6,102.4,100.9,1.5,-4.3,-2.2,-2.1
2014-15,WAS,103,103.7,0.7,6,105.8,101.7,4.1,2.1,-1.3,3.4
2007-08,DET,102.9,111.4,8.5,10,108,105.2,2.8,-3.4,2.3,-5.7
2004-05,MEM,102.9,105.5,2.6,0,112,124,-12,6.5,21.1,-14.6
2015-16,IND,102.9,104.6,1.7,3,105.5,103.9,1.6,0.9,1,-0.1
2019-20,MIL,102.9,112.4,9.5,5,109.7,108.5,1.2,-2.7,5.6,-8.3
2009-10,CHA,102.8,104.4,1.6,0,100.2,111,-10.8,-4.2,8.2,-12.4
2003-04,DEN,102.7,103.9,1.2,1,99.2,103.6,-4.4,-4.7,0.9,-5.6
2012-13,OKC,102.6,112.4,9.8,5,105.1,103.7,1.4,-7.3,1.1,-8.4
2013-14,GSW,102.6,107.5,4.9,3,110.2,114.8,-4.6,2.7,12.2,-9.5
2008-09,CLE,102.4,112.4,10,10,112.6,102.7,9.9,0.2,0.3,-0.1
2013-14,SAS,102.4,110.5,8.1,16,114.2,104.2,10,3.7,1.8,1.9
2003-04,NOH,102.4,102.3,-0.1,3,92.5,95.9,-3.4,-9.8,-6.5,-3.3
2005-06,NJN,102.4,103.9,1.5,5,106.5,107.6,-1.1,2.6,5.2,-2.6
2005-06,IND,102.4,104.5,2.1,2,103.2,107.5,-4.3,-1.3,5.1,-6.4
2008-09,BOS,102.3,110.5,8.2,7,106.3,106.3,0,-4.2,4,-8.2
2011-12,DAL,102.3,103.3,1,0,102.9,110.1,-7.2,-0.4,7.8,-8.2
2014-15,MIL,102.2,102.7,0.5,2,91.8,104.6,-12.8,-10.9,2.4,-13.3
2014-15,MEM,102.2,105.7,3.5,6,103,104.4,-1.4,-2.7,2.2,-4.9
2003-04,MEM,102.2,104.8,2.6,0,97.1,113.4,-16.3,-7.7,11.2,-18.9
2014-15,SAS,102,108.5,6.5,3,107.8,107.3,0.5,-0.7,5.3,-6
2010-11,ORL,102,107.9,5.9,2,102.4,100.3,2.1,-5.5,-1.7,-3.8
2008-09,ORL,101.9,109.2,7.3,13,107.3,105.3,2,-1.9,3.4,-5.3
2007-08,SAS,101.8,107.2,5.4,9,103.9,104.8,-0.9,-3.3,3,-6.3
2011-12,MEM,101.8,104,2.2,3,102.8,102,0.8,-1.2,0.2,-1.4
2004-05,HOU,101.7,106.2,4.5,3,111.7,114.9,-3.2,5.5,13.2,-7.7
2003-04,MIA,101.7,102.2,0.5,6,97.3,97.1,0.2,-4.9,-4.6,-0.3
2005-06,MEM,101.6,105.9,4.3,0,99,115.5,-16.5,-6.9,13.9,-20.8
2007-08,HOU,101.6,106.8,5.2,2,103.8,106.7,-2.9,-3,5.1,-8.1
2012-13,SAS,101.6,108.3,6.7,15,108.7,101.1,7.6,0.4,-0.5,0.9
2015-16,ATL,101.4,105.1,3.7,4,103.5,104.5,-1,-1.6,3.1,-4.7
2014-15,GSW,101.4,111.6,10.2,16,108.7,100.5,8.2,-2.9,-0.9,-2
2006-07,CLE,101.3,105.5,4.2,12,102.5,100,2.5,-3,-1.3,-1.7
2003-04,LAL,101.3,105.5,4.2,13,100.8,99.8,1,-4.7,-1.5,-3.2
2004-05,DET,101.2,105.6,4.4,15,105,99.5,5.5,-0.6,-1.7,1.1
2011-12,ATL,101.2,104.9,3.7,2,91.8,97.1,-5.3,-13.1,-4.1,-9
2011-12,NYK,101,104.4,3.4,1,95.2,111.3,-16.1,-9.2,10.3,-19.5
2006-07,HOU,100.7,106,5.3,3,99.6,103.2,-3.6,-6.4,2.5,-8.9
2013-14,CHI,100.5,102.5,2,1,103,108.3,-5.3,0.5,7.8,-7.3
2010-11,BOS,100.3,106.2,5.9,5,105.1,103.6,1.5,-1.1,3.3,-4.4
2012-13,MEM,100.3,104.9,4.6,8,105,104.3,0.7,0.1,4,-3.9
2010-11,CHI,100.3,108.3,8,9,105.8,100.9,4.9,-2.5,0.6,-3.1
2004-05,CHI,100.3,101.4,1.1,2,106.3,108.2,-1.9,4.9,7.9,-3
2011-12,MIA,100.2,106.6,6.4,16,109.6,101.6,8,3,1.4,1.6
2006-07,SAS,99.9,109.2,9.3,16,107.6,103.1,4.5,-1.6,3.2,-4.8
2012-13,IND,99.8,104.3,4.5,11,104.5,104.4,0.1,0.2,4.6,-4.4
2003-04,MIN,99.7,105.9,6.2,10,101.9,101.9,0,-4,2.2,-6.2
2005-06,SAS,99.6,107.3,7.7,7,114,111.6,2.4,6.7,12,-5.3
2006-07,CHI,99.6,104.9,5.3,6,103.4,102.1,1.3,-1.5,2.5,-4
2013-14,IND,99.3,104.1,4.8,10,103.7,104.8,-1.1,-0.4,5.5,-5.9
2011-12,PHI,99.2,103.9,4.7,7,96.9,98.3,-1.4,-7,-0.9,-6.1
2003-04,HOU,99,100.9,1.9,1,94.5,100.5,-6,-6.4,1.5,-7.9
2015-16,SAS,99,110.3,11.3,6,111,101.1,9.9,0.7,2.1,-1.4
2007-08,BOS,98.9,110.2,11.3,16,109.4,103.3,6.1,-0.8,4.4,-5.2
2004-05,SAS,98.8,107.5,8.7,16,110,105.1,4.9,2.5,6.3,-3.8
2011-12,CHI,98.3,107.4,9.1,2,95.7,97.6,-1.9,-11.7,-0.7,-11
2011-12,BOS,98.2,101,2.8,11,100.4,99.2,1.2,-0.6,1,-1.6
2003-04,NJN,98,100.8,2.8,7,96.4,93.7,2.7,-4.4,-4.3,-0.1
2003-04,IND,97.2,103.8,6.6,10,98.9,93.7,5.2,-4.9,-3.5,-1.4
2003-04,DET,95.4,102,6.6,16,99.3,92,7.3,-2.7,-3.4,0.7
2003-04,SAS,94.1,102.2,8.1,6,102.4,98.8,3.6,0.2,4.7,-4.5
